path	len	chunk	inode	sha256
/home/hiro/prj/jev-optimize/artifacts/hintbench-aa-study/p2/bin/L091xxxxxxxxxxxxxxxxxxxxxxx	91	112	1426919	a84b7c0dfe37e4f6
/home/hiro/prj/jev-optimize/artifacts/hintbench-aa-study/p2/bin/L085xxxxxxxxxxxxxxxxx	85	96	1426920	a84b7c0dfe37e4f6
/home/hiro/prj/jev-optimize/artifacts/hintbench-aa-study/p2/bin/L086xxxxxxxxxxxxxxxxxx	86	96	1426921	a84b7c0dfe37e4f6
/home/hiro/prj/jev-optimize/artifacts/hintbench-aa-study/p2/bin/L087xxxxxxxxxxxxxxxxxxx	87	96	1426922	a84b7c0dfe37e4f6
/home/hiro/prj/jev-optimize/artifacts/hintbench-aa-study/p2/bin/L088xxxxxxxxxxxxxxxxxxxx	88	96	1426923	a84b7c0dfe37e4f6
/home/hiro/prj/jev-optimize/artifacts/hintbench-aa-study/p2/bin/L089xxxxxxxxxxxxxxxxxxxxx	89	112	1426924	a84b7c0dfe37e4f6
/home/hiro/prj/jev-optimize/artifacts/hintbench-aa-study/p2/bin/L090xxxxxxxxxxxxxxxxxxxxxx	90	112	1426925	a84b7c0dfe37e4f6
/home/hiro/prj/jev-optimize/artifacts/hintbench-aa-study/p2/bin/L092xxxxxxxxxxxxxxxxxxxxxxxx	92	112	1426926	a84b7c0dfe37e4f6
/home/hiro/prj/jev-optimize/artifacts/hintbench-aa-study/p2/bin/L093xxxxxxxxxxxxxxxxxxxxxxxxx	93	112	1426927	a84b7c0dfe37e4f6
/home/hiro/prj/jev-optimize/artifacts/hintbench-aa-study/p2/bin/L094xxxxxxxxxxxxxxxxxxxxxxxxxx	94	112	1426928	a84b7c0dfe37e4f6
/home/hiro/prj/jev-optimize/artifacts/hintbench-aa-study/p2/bin/Q089xxxxxxxxxxxxxxxxxxxxx	89	112	1426929	a84b7c0dfe37e4f6
/home/hiro/prj/jev-optimize/artifacts/hintbench-aa-study/p2/bin/H088xxxxxxxxxxxxxxxxxxxx	88	96	1426930	a84b7c0dfe37e4f6
/home/hiro/prj/jev-optimize/artifacts/hintbench-aa-study/p2/bin/H089xxxxxxxxxxxxxxxxxxxxx	89	112	1426930	a84b7c0dfe37e4f6
